day,sentiment_mean,sentiment_std,subjectivity_mean,subjectivity_std,counting
000-00-00,0.0,0.0,0.0,0.0,5.0
2022-01-20,0.8847684241502068,1.0,-0.5,1.0,1.0
2022-01-28,1.1775216575637948,1.0,-0.7113714150744046,1.0,1.0
2022-02-03,-0.08473422350286608,1.0,1.1007639074231417,1.0,1.0
2022-03-12,1.2831911170445225,1.0,-0.4472135954999579,1.0,1.0
2022-04-04,1.0930108781398709,1.0,1.3018207204058647,1.0,1.0
2022-05-09,0.28780012773692176,1.0,-0.7194251469078723,1.0,1.0
2022-05-10,-0.09303257418527289,1.0,0.7572938251065641,1.0,1.0
2022-05-29,-1.4762826437117353,1.0,1.226081820569525,1.0,1.0
2022-06-07,-1.600050368083843,1.0,1.9662146740784594,1.0,1.0
2022-07-31,0.4491223661936343,1.0,-0.4923835154532758,1.0,1.0
2022-09-07,-1.1299293196770166,1.0,-0.529326371086868,1.0,1.0
2022-09-20,-0.39748895059516576,0.358967630149285,0.011450116185724113,0.9900839085068794,3.0
2022-09-21,-0.224464733498147,1.0,1.2851504613661093,1.0,1.0
2022-09-23,0.004900698866566251,1.0,-0.5588028933651878,1.0,1.0
2022-09-25,0.48353036219554574,1.0,-0.6001771341654802,1.0,1.0
2022-09-27,0.9308958533950296,1.0,1.050702400857729,1.0,1.0
2022-09-28,1.3654506191247961,1.0,-0.34103995482508437,1.0,1.0
2022-09-30,0.6015352899377642,1.0,1.1946409380821401,1.0,1.0
2022-10-01,-1.3614076099664314,1.0,0.46614344040327294,1.0,1.0
2022-10-03,0.06210161048075637,1.0,-0.624330002289888,1.0,1.0
2022-10-04,0.8871601388043004,0.7190684136855368,1.6699799566459803,0.4533426104977831,2.0
2022-10-05,0.03544010000434927,0.9143925526489588,-0.6632799510261396,0.34337580723023237,3.0
2022-10-06,0.16331849007631127,1.0,0.7401184411554703,1.0,1.0
2022-10-10,-0.3977013564812648,1.0098964747831165,0.6708203932499369,1.5811388300841895,2.0
2022-10-12,0.5564733434890793,0.3442989079974173,-0.06895939657630668,0.7566174694421159,4.0
2022-10-13,0.426265542305886,1.0,-0.4472135954999579,1.0,1.0
2022-10-15,-1.1615937968861045,1.0,-0.6504253623895329,1.0,1.0
2022-10-18,-0.053820899915081044,1.0,1.8654821739714553,1.0,1.0
2022-10-19,0.388393390964433,1.0007988559876138,0.23218466656468806,1.345779504300226,2.0
2022-10-20,1.1012851762933147,1.0,-0.7194251469078723,1.0,1.0
2022-10-21,0.42893695605309196,0.9683119256289945,-0.36965759355019295,0.44939752983507253,8.0
2022-10-23,1.6753703290427295,1.0,-0.6532391547025869,1.0,1.0
2022-10-24,-0.42600350221649785,0.688653866429351,-0.27366293731925123,0.357945856093187,4.0
2022-10-25,-0.24410714346666737,0.7056276979039264,0.2370691019992201,1.0759109405705418,9.0
2022-10-26,-0.15743810603072902,0.4756961802820266,0.04894868324033434,1.1699793201925044,11.0
2022-10-27,0.0004334632149529116,0.7993224797244346,-0.04489587684085078,0.8974851299386453,6.0
2022-10-28,0.12210242257573972,1.1067285872552166,-0.4349074854108518,0.2913424726436444,11.0
2022-10-29,-0.35454221371337513,0.7260070776053471,0.03662626383170352,0.9377842915722422,10.0
2022-10-30,-0.3880852414914891,0.44554513561057646,-0.4665005213998391,0.08945781776273722,7.0
2022-10-31,-0.22319230280544816,0.6437231008243804,1.5843026979269108,1.3377102344889609,7.0
2022-11-01,0.10033389716200676,0.9178551952551708,0.10544083717753339,0.7906791057538818,5.0
2022-11-02,-0.06323514909018564,0.4732614960237154,-0.4536003307054786,0.13788817586015192,6.0
2022-11-03,0.12446546191413857,0.8002470674640052,-0.11519683074861509,0.7329249316656202,9.0
2022-11-04,0.034486719024581225,0.4628188726262059,-0.27749464000973706,0.4675510503747713,9.0
2022-11-05,-0.43403971680001546,0.9461776883264038,-0.30933769201161393,0.6239890163000048,8.0
2022-11-06,-0.7494981350652927,0.4912403977447578,0.03797203044961132,1.2547091923003901,3.0
2022-11-07,-0.08205911752489174,0.7586046463697782,0.26300675968620907,1.144976759142846,8.0
2022-11-08,0.7627757435402627,1.3671489347729555,-0.5692131564420041,0.1898725238492719,4.0
2022-11-09,-0.0766855666402466,0.8146583849936962,0.5260726427271332,1.1195892484180046,8.0
2022-11-10,-0.17138054397004662,0.8767656618156812,0.134414492796107,0.9904853648697015,10.0
2022-11-11,-0.1753134038144049,1.354199604478841,0.3158983963343622,1.1020676297838987,7.0
2022-11-12,-0.31233663503515513,0.5523021885152634,-0.21312146007861824,0.5904403002440749,4.0
2022-11-14,-0.17317989582274057,0.646437418965005,0.2302585679836988,1.2056232458125091,17.0
2022-11-15,0.26792997743610053,0.7447631689042734,0.052987833033017365,0.7184887904990062,11.0
2022-11-16,-0.429123284238067,0.9240961222854053,0.5313671515568287,1.0168061393654773,5.0
2022-11-17,-0.5432998894545966,0.7925227191155928,0.3926029952143759,1.4686136186987284,10.0
2022-11-18,-0.30420492329862153,0.9366844957915388,-0.2129241524557138,0.645087088987395,10.0
2022-11-19,0.329458161204557,0.7438166955594362,0.2015219978188606,0.9603394841332124,11.0
2022-11-20,-0.0081759517069018,0.8816733254471023,-0.024827744749329434,0.9145605725145779,17.0
2022-11-21,0.31446128610893115,0.9514451135224848,-0.2659502334023461,0.6659125098792089,37.0
2022-11-22,-0.21284881140009212,0.7877839695918112,-0.3249821205885233,0.728727028097427,15.0
2022-11-23,0.12555604406718154,1.2388091348250732,0.26032591963600304,1.5585144479737187,14.0
2022-11-24,0.15307138475141036,1.4380612727718598,0.10002985897217724,0.8001853560998218,6.0
2022-11-25,0.16450697205839354,0.8726155961628261,0.2988073373679904,1.0637156313354024,17.0
2022-11-26,0.3259238465021177,0.7081030462869108,-0.3022450887256911,0.4340501605301909,13.0
2022-11-27,-1.2085787007645883,0.9603347680262669,-0.021853119139912527,0.6622446123216253,9.0
2022-11-28,-0.17006132061037108,1.208529521589328,-0.014843852922225453,1.2613144350875916,15.0
2022-11-29,-0.24279271312240652,0.9670035801109789,-0.5133455976505614,0.1197008633218199,14.0
2022-11-30,0.3574773526306917,0.5009191764518891,-0.34216090431260143,0.5180527010108623,8.0
2022-12-01,-0.1429522132245744,0.6509735999653335,-0.1943070656330908,0.5213260272607971,8.0
2022-12-02,0.43325613621766723,1.1215358085338571,-0.0025816128164929454,1.193138653612926,19.0
2022-12-03,0.2671530444190129,1.0961703535378102,-0.40637599982070355,0.5727661620766522,14.0
2022-12-04,0.20048416180822906,1.0495376577294793,-0.25710622269133593,0.37332963993840385,7.0
2022-12-05,-0.2526857296409127,0.8158159820036891,-0.08777634341590539,0.7121495337329518,13.0
2022-12-06,-0.532829923964011,0.9144466726732016,-0.16591825250083495,0.7811849047094929,8.0
2022-12-07,-0.7526725814948831,1.0,-0.3779644730092272,1.0,1.0
2022-12-08,0.00966158110605877,1.0844012363348683,-0.4284510184310169,0.4274615192729134,10.0
2022-12-09,-0.031210302760194927,0.823816299224675,-0.1476064486258327,0.8285982368026915,13.0
2022-12-10,-0.15856359289883196,1.1999284038471738,-0.3937220417532046,0.36712962659463894,18.0
2022-12-11,-0.05210029162102608,1.0302047268342271,0.33813868057211866,1.3681618075793538,14.0
2022-12-12,-0.1444768107810071,1.1991062474485807,-0.20637691227630703,0.6590115588955963,18.0
2022-12-13,-0.12271415424391537,1.101260566372318,-0.09855406241348492,1.2732208060469934,10.0
2022-12-14,-0.3579414515064887,0.8427000840689394,-0.0439186702525541,0.8417515850151234,34.0
2022-12-15,-0.7099023918598593,1.0792516362334705,-0.11442106231426082,0.6956719840963997,24.0
2022-12-16,0.17016118102410435,0.9897450517661448,0.4485781737906343,1.3358698620092804,14.0
2022-12-17,0.4572948691888301,0.982642148855221,0.35624201940843414,0.9601764107529563,11.0
2022-12-18,-0.32242582843028295,0.6748914012954879,-0.3998607096986837,0.14377478124967905,17.0
2022-12-19,-0.3527665649622962,0.9284657646006367,-0.07922213139106839,0.7333286235639894,100.0
2022-12-20,-0.22636505754911718,0.8561053047069437,-0.02137267144448581,0.9184173918883576,24.0
2022-12-21,0.08580446840794592,0.968600027597106,0.12667023221481902,1.2356404292635017,12.0
2022-12-22,-0.11276712520886639,0.7069499469652739,0.25421258095483407,1.3614042843775553,11.0
2022-12-23,0.33239278914555137,1.1106629988213612,-0.11804806062389346,0.8906680418710167,20.0
2022-12-24,-0.16305739548481982,0.8096400996642992,0.7944209085627368,1.5844646460445888,13.0
2022-12-25,0.34297080864099716,0.8426683173763567,0.0025392760660568336,0.8464175792654929,10.0
2022-12-26,0.26825314518376797,1.2047212754107515,1.0115020902253424,0.9526871210717215,9.0
2022-12-27,0.21681837662576753,1.0386751432636925,0.8199765671216082,1.2344779561252457,13.0
2022-12-28,0.37783350035857055,0.8553438476266203,0.022560530747106157,0.6757842034513921,8.0
2022-12-29,-0.22862132185557607,0.9240232526216212,0.22776688583302276,1.4969061327901494,10.0
2022-12-30,0.025266096773685843,0.656702160503111,0.8323509051053355,1.2838577133886877,5.0
2023-01-01,-0.029668398655608743,0.04290125173807057,0.36285214451031966,1.2123916029147128,3.0
2023-01-02,0.011308345243330242,0.7614493520477873,0.21898729081828888,1.3093786284803677,14.0
2023-01-03,0.2103445992400055,0.40881421592561024,0.32574788398156485,1.2844721716414587,9.0
2023-01-04,-0.5960307138136807,0.9238951396969762,0.3004246980353457,1.4823423119377328,10.0
2023-01-05,-0.7131300871122913,1.3694322780978174,0.619515636801568,1.8495892052559415,10.0
2023-01-06,-0.4417955476033058,1.374246489419809,0.6993811624005173,1.5127986701734057,13.0
2023-01-07,0.35532431502289424,0.9639234585539482,-0.04624868006380354,0.6774296689306485,8.0
2023-01-08,0.3427861316771474,0.7141976689228544,-0.3147499754253591,0.6652629324154335,6.0
2023-01-09,-0.06568341926207143,1.0930014624697533,0.008800437413976674,0.9258775119174982,9.0
2023-01-10,0.06482757732030082,1.0288107741567423,-0.3520505793856957,0.2293111370858561,8.0
2023-01-11,0.06314367454110684,1.1848116503040516,-0.3217899857049908,0.31260983497511124,3.0
2023-01-12,-0.32608604206449543,1.2509473960496562,-0.5747831652196571,0.16874123052194995,5.0
2023-01-13,0.40891277692306155,0.842332855359816,-0.2562708753511117,0.7116159661604825,13.0
2023-01-14,0.4340566372592754,0.9433083334531335,0.42166708820413873,1.5156536227788693,12.0
2023-01-15,-0.3142863302925112,0.7273950389371616,-0.33358574507407607,0.435963313587829,12.0
2023-01-16,-0.001375659960714545,0.5252548105270355,0.49144360942873483,0.7289529861183789,7.0
2023-01-17,-0.2823405155696986,1.2181875852113433,-0.1008301771850751,0.7138607762253963,15.0
2023-01-18,-0.16889298999748986,1.3115205373112928,-0.29034734683144503,0.46589424453945805,5.0
2023-01-19,0.2467864102702556,0.7461556110003853,0.13946797601245958,1.2658128636932175,16.0
2023-01-20,0.02253433279474281,0.9875937776304128,0.3184703515892389,1.7439584506299672,16.0
2023-01-21,0.41229301456650325,0.585275584980434,0.3062321616085981,1.147331012382795,17.0
2023-01-22,0.30988033214192057,1.2268159159409773,-0.08296776076820743,0.8920531955352464,23.0
2023-01-23,-0.027144669312292202,1.0494818590547559,1.3658245333617602,1.8435627743558332,4.0
2023-01-24,0.39043027946914277,0.761119004852327,0.41229493643616244,1.1901576297199516,10.0
2023-01-25,-0.29563744246480184,0.466561371589976,0.16572574985962202,1.581906516673719,8.0
2023-01-26,-0.5807546181960808,0.7264378543690033,0.026921547327637255,1.4835586993400063,8.0
2023-01-27,0.0327110202284422,1.2547508731048844,-0.40805630022118794,0.0947646845063,5.0
2023-01-28,-0.1654896172029528,0.7868003258908183,-0.39286739069316357,0.11588966970053585,5.0
2023-01-29,-0.2694577309543037,0.9935760088699473,-0.2719527380803216,0.2782358393586546,4.0
2023-01-30,0.3125325855244773,1.2995877916188745,-0.09984933854766458,0.6298742802337715,6.0
2023-01-31,-0.2659226642504517,0.444017371182879,0.3243471010287623,1.096895120608501,7.0
2023-02-01,0.27349640679714854,1.013308754541779,-0.3043504827881142,0.34065116522824107,11.0
2023-02-02,0.35610098558499975,0.9030681893085032,0.39873701927367694,1.3365433151542452,16.0
2023-02-03,0.2340293729867815,0.5253337019451761,-0.1448885435575385,0.5349313234833086,7.0
2023-02-04,0.2258318318234822,0.7418634579228462,-0.08866244338827638,1.1511112776737433,10.0
2023-02-05,-0.42049117375994577,0.950808655925122,0.05065459190568911,1.0560564778850197,14.0
2023-02-06,0.03871180867052279,1.0202903375389178,-0.39756202003019736,0.471654672533919,8.0
2023-02-07,-0.5385901667041647,1.0449240676975093,-0.4214911296977743,0.176738543064307,9.0
2023-02-08,-0.2465148184740572,0.5929418531553032,-0.11935480372778079,0.843498611619392,15.0
2023-02-09,-0.3542974023517611,0.727115997534014,-0.47521098835710557,0.15830815000299575,6.0
2023-02-10,0.5621977791582485,0.6326875309668242,-0.4532652499382082,0.28007584135840036,4.0
2023-02-11,1.0435825007593384,1.154529839277327,-0.4820276426767761,0.14837330157916157,7.0
2023-02-12,0.4790052684070762,0.8917611490751854,-0.45375819485545865,0.10308038679333288,10.0
2023-02-13,-0.34289096102369193,1.1111198047886983,0.3441567975328872,0.8876913748944276,7.0
2023-02-14,-0.1091912865082366,1.1874495195617392,-0.003390556400612199,1.1237454441229378,4.0
2023-02-15,-0.1545131015141471,0.7461751481766232,-0.03724169093646848,1.162428890693905,9.0
2023-02-16,0.24357354091781444,0.3696294905039288,-0.2783460233433361,0.31288195492733856,3.0
2023-02-17,0.007485595346486751,0.5365569814977312,-0.2641912505438568,0.4283785415081497,10.0
2023-02-18,-0.45813136692787726,0.6191804438066223,0.045971153874470407,0.9625117842891746,5.0
2023-02-19,0.007533798301372853,0.7418393507637213,-0.3066226492279389,0.6345287662239215,15.0
2023-02-20,-0.032404175481230646,0.7626010263530751,0.3705590872662306,1.3605854068367313,10.0
2023-02-21,-0.005747209667789892,0.8870655007455871,0.06606155318919466,0.635012693273927,6.0
2023-02-22,0.06870688169254313,0.968368147496406,-0.3619992681392745,0.4077300255950797,8.0
2023-02-23,0.36447068690684237,0.8379048588553824,-0.6295106917550672,0.05926123974657021,4.0
2023-02-24,0.11732709877411314,0.24336362101204329,-0.287115023864402,0.43727353981083905,5.0
2023-02-25,0.5275120211595983,1.0288328717822808,-0.4644299645066832,0.10643154649114825,8.0
2023-02-26,-0.08991033613072345,0.886845860945433,-0.4988805099998918,0.10131541927413047,8.0
2023-02-27,0.38413919395014995,0.6806545738459979,-0.3688797601157057,0.4340801165738563,12.0
2023-02-28,0.1578014679863785,0.9169391595154557,0.04977907805139688,1.152802048704521,15.0
2023-03-01,0.25627689702039863,0.8706313721037698,0.5227912240927879,1.4258982302510905,15.0
2023-03-02,0.29774341350523387,1.0667991745148464,0.33959672943070407,1.664853838193404,10.0
2023-03-03,0.7355900279359543,1.3156963902518761,-0.3386503941385856,0.20554382947905608,6.0
2023-03-04,-0.3896531065551897,0.766188332980703,-0.29662590694417307,0.4302245059400486,7.0
2023-03-06,-0.09302023699569242,0.23363390198303055,0.005203423809985762,0.9851990446001627,7.0
2023-03-07,-0.273340962339992,1.0270509765049376,-0.552943292113072,0.04090570713572715,3.0
2023-03-08,0.003026087139030922,1.1241516606598223,0.22969123055465676,1.226353319630877,29.0
2023-03-09,0.2863945855902205,0.9631201895536166,-0.20753200888769593,0.5582300955273265,11.0
2023-03-10,-0.5186704002625413,1.6180755751728437,-0.06712031605407565,1.00301246428321,9.0
2023-03-11,0.6323623027223626,1.2425803069176267,-0.5060732329399602,0.1557793188766621,9.0
2023-03-12,-0.06131744116306741,0.7668997991782662,-0.6761851094237925,0.28449595948855005,5.0
2023-03-13,-0.06700976245863012,0.1513582173664255,1.8455761870400282,1.1979989160096696,4.0
2023-03-14,0.23059575364533247,0.3952098554483203,-0.4415249923352361,0.13945182572847412,5.0
2023-03-15,-0.45081821880694123,1.1004249943474058,-0.5618024882703782,0.1270442299556437,6.0
2023-03-16,-0.03807935173098269,1.0,-0.34103995482508437,1.0,1.0
2023-03-17,-0.315394819074328,0.3735790515526152,0.30587134367922414,1.6663076613791798,5.0
2023-03-18,-0.1428414692384277,0.1564697902841095,-0.45355893520360957,0.0974442954157256,3.0
2023-03-19,0.30102987876326004,0.8914222623085998,-0.36202982484509877,0.40412271619381984,7.0
2023-03-20,-0.15854342236238234,0.522015513693361,-0.0013393303959061502,0.8131254630663504,6.0
2023-03-21,0.3566058764978769,0.8834093939929655,0.4108496723705002,1.0192966082004136,8.0
2023-03-22,0.34829954223176596,0.6434294134322663,0.19655806267387474,0.814593018970446,9.0
2023-03-23,-0.10135451455404326,0.4081686556680847,-0.29857021816984075,0.5358956248414464,11.0
2023-03-24,0.4221857377817838,0.7078016142435408,0.01692845684753794,0.7792012815142507,14.0
2023-03-25,0.04473837938114271,0.6965627030802175,0.10367023018820969,0.8732949408004311,29.0
2023-03-26,-0.24522676278184788,0.9773570010592325,-0.005786541956180213,1.072923323526086,19.0
2023-03-27,-0.2425532297761485,1.0781732913176842,-0.20630532335119295,0.5192349654468781,10.0
2023-03-28,-0.11073268136835697,0.6279201847911299,-0.3799700718793734,0.46875198110290867,10.0
2023-03-29,-0.01140142642944427,1.2033719950282442,-0.5260373812463753,0.09127042346319866,3.0
2023-03-30,0.6244998622967973,0.6190433050339927,-0.33743967117103224,0.43744472090116,5.0
2023-03-31,-0.2964619602991105,0.44658120777715865,0.2552288437885399,1.3032772482881028,6.0
2023-04-01,-0.4900310288969921,0.38571684904219017,0.23356513560754907,0.9798600632380287,2.0
2023-04-03,0.09284188581509362,1.2701881624028075,0.4102945146654745,1.3705106976975758,2.0
2023-04-04,0.3890248547621657,0.9167388934702017,0.4798991596372383,1.5590148612979529,7.0
2023-04-05,0.32367472811766185,0.7856053741092418,0.20573857929637093,1.040013961112247,3.0
2023-04-06,-1.1358623477566687,1.0944376900755746,-0.5466399493955623,0.15999935677025282,4.0
2023-04-07,0.5426690135773721,1.2207871072729661,0.6263078321663472,1.8978238215459193,3.0
2023-04-08,0.41609203999293337,1.0,-0.6532391547025869,1.0,1.0
2023-04-09,0.4949213772702376,0.7957251568842768,-0.501100970423074,0.012328343047665334,2.0
2023-04-10,0.25219592241321964,0.2125918953979053,0.1881902502333348,0.8308710774175331,6.0
2023-04-11,0.7412773714795257,1.0434160944377824,-0.4613313517098393,0.26661124840925615,2.0
2023-04-12,0.8623460594992872,1.45995161881161,0.01316342260068213,0.7595140447433617,4.0
2023-04-13,-1.1325389372876513,0.9712790794324764,0.23119300373661833,1.213529511354432,4.0
2023-04-15,-1.6681193365186282,1.0,-0.4479546293064524,1.0,1.0
2023-04-16,-0.8243794447536967,1.0,-0.624330002289888,1.0,1.0
2023-04-17,0.329980937741326,0.7918928538122869,0.16231435322729976,1.0129919967070005,5.0
2023-04-18,-0.12729436399533262,1.178373466389911,-0.1892024082158778,0.8135850302605601,4.0
2023-04-19,-0.4739693056839069,0.5744931874064048,0.2563545552810267,0.8448434182792933,2.0
2023-04-20,0.16334502505196025,1.1477564737362107,-0.6270863664478299,0.09462682768295777,2.0
2023-04-21,0.4723717377666885,1.215123344941231,0.4503488557870824,0.9384294348879335,5.0
2023-04-22,-0.012130010621599636,0.07864620730753966,0.35112871131443213,1.1929064311224222,2.0
2023-04-23,-0.6018017143509946,1.79874118120576,-0.5447507329989538,0.021813341807022695,2.0
2023-04-24,0.18712626727198256,0.02769399504716747,0.18608525467624248,1.269195394003557,2.0
2023-04-25,-0.45939458291106916,0.67552479107126,-0.2377437850337484,0.5937615074230714,7.0
2023-04-26,0.08705025184952875,0.9832058068562881,1.3513496892589345,1.6997643457823488,4.0
2023-04-27,-0.40335458167514154,1.096860027811524,-0.49762335655931383,0.1586800027057583,3.0
2023-05-01,-0.12093941605183767,0.7626731508031425,-0.374317864757251,0.20301826947641574,4.0
2023-05-02,-0.322607671178874,1.4296307290049086,0.2306994849019902,1.3292424205174775,4.0
2023-05-03,0.12035389755958717,0.35221550759230763,-0.267128484681834,0.6355976861700794,4.0
2023-05-04,0.7877495616957874,1.0210337711840844,-0.08697528194872539,0.5021902652192741,6.0
2023-05-05,-0.5306894786091576,0.3612650379816284,-0.624787036618668,0.024841573005390076,3.0
2023-05-06,0.032384072632494654,0.8400237620148487,-0.6395112015686775,0.05562677158489895,2.0
2023-05-07,1.068707548643207,1.516236195165136,-0.614418886397762,0.11240007917299386,3.0
2023-05-08,0.0901319786567426,0.20787450792309306,0.06907807866931145,1.079808252042611,5.0
2023-05-09,0.5811095995623298,1.036691442117311,0.6672833358222743,1.9381162506662906,3.0
2023-05-10,-0.39719231899840857,0.5818565316659005,-0.5730517074805692,0.023501325790250042,3.0
2023-05-11,-0.4404156878856596,0.8895394488012323,-0.08163625607053827,1.1018333724066078,6.0
2023-05-12,-0.06685207332570534,0.11289503391185209,-0.4736739376811668,0.14118207158876264,4.0
2023-05-13,-0.8917064533253121,0.6572096910083258,0.5851935824097722,1.2358369913214602,2.0
2023-05-15,-0.3237550820277453,0.39940871076511875,0.06557510508956994,0.8672036330800696,6.0
2023-05-16,-0.526804966864085,0.5740127577165999,-0.5001676132986962,0.5204538937484231,3.0
2023-05-19,-0.0638733330790152,0.4875956976151709,0.44305364162065936,1.3890604900686516,3.0
2023-05-20,0.3846424078693312,0.42775811890243215,-0.38298365845226284,0.3378718327410101,4.0
2023-05-21,1.0209752954578877,0.9780957668508355,0.15234371018086837,0.7673885751295018,3.0
2023-05-23,-0.4461568169461582,1.0441942599249237,-0.12519453808766123,0.6965020433772933,3.0
2023-05-24,0.7062537097675646,0.5038672407711441,-0.8910899314055936,0.23102087532593718,3.0
2023-05-26,-0.25160724876142276,1.837081004056376,-0.561035996810278,0.059957315391606834,4.0
2023-05-28,-0.29162459666667534,1.8207413971432194,-0.18647730313919164,0.4326167142687613,2.0
2023-05-29,-0.9035631731322992,1.0,3.0996272938190867,1.0,1.0
2023-05-31,-0.22706219082724308,0.3579252502861487,-0.2717037981953828,0.5121762565932474,5.0
2023-06-01,-0.33287629688836073,0.6259624227470255,1.3136883225269747,2.870237690825831,3.0
2023-06-02,-0.13208657042220523,1.0,-0.5601750949110396,1.0,1.0
2023-06-04,-2.5528022408152404,1.0,-0.529326371086868,1.0,1.0
2023-06-07,0.6988734830756629,1.062145295764798,-0.2753731780761992,0.5588796080163559,3.0
2023-06-08,0.4356324985610222,1.0,-0.6939976379846203,1.0,1.0
2023-06-09,-0.152583313324022,0.8703616590067891,0.29214758910193483,1.0627081634868802,2.0
2023-06-10,-0.1850200578969829,0.26656629297781026,0.05663892953512545,0.4659093482335793,2.0
2023-06-12,1.586464438859592,1.0,-0.529326371086868,1.0,1.0
2023-06-13,2.1322737143229955,1.0,-0.730731314484506,1.0,1.0
2023-06-14,-0.05782068493609614,0.7398650203246677,-0.19827538699748418,0.6529906737399509,5.0
2023-06-16,-0.5628304389602974,0.8448998739286546,-0.4666874025249571,0.1887829889235727,2.0
2023-06-18,0.6263705711110288,1.0,-0.6001771341654802,1.0,1.0
2023-06-19,0.31630360241170163,0.8162955546503609,0.24605728103570423,0.9452634039763651,16.0
2023-06-20,0.3008594118925488,0.2583357353700799,-0.5372312787652664,0.08901888240215806,2.0
2023-06-21,-0.320410444681317,1.0,-0.927745492894974,1.0,1.0
2023-06-22,-0.5668172474354778,0.7058000058699035,-0.48380526946255964,0.03678815791677405,2.0
2023-06-25,0.852326450224572,1.0382279001809507,-0.5018058972259604,0.03891982737702982,2.0
2023-06-26,0.32844653768896975,1.5881079809278833,0.24222002464743278,0.6748139052323212,3.0
2023-06-27,0.2210561340476469,0.385927903067811,0.4969855997192513,1.627774917750266,3.0
2023-06-28,0.24005218142311954,1.5172829334493092,-0.2926618094073852,0.6193303748325711,6.0
2023-06-29,-0.8393991833170252,1.1928001482821255,0.8585625721733384,1.4894440316222883,10.0
2023-07-01,-0.5985313908283828,1.0211921972135554,0.6660351473938602,1.354446529337332,3.0
2023-07-02,0.768448729545136,0.9690396656798048,-0.5526522174377518,0.21579147810727817,3.0
2023-07-03,0.20940570182049678,1.0,-0.6788452689718746,1.0,1.0
2023-07-04,-0.6852602648860405,0.9152520246928869,1.066916889663916,1.991151664712371,2.0
2023-07-05,-0.6444391359228427,0.9890781673080354,-0.1723831332191369,0.7224060614989719,4.0
2023-07-06,-0.13208657042220523,1.0,-0.5601750949110396,1.0,1.0
2023-07-07,0.1227100756715042,0.8148642252411961,0.8332162202241401,1.3409802901596157,5.0
2023-07-08,-0.06774127712336393,1.0,-0.5098184253928721,1.0,1.0
2023-07-09,0.6720105784204187,1.0,-0.6788452689718746,1.0,1.0
2023-07-10,0.4083959884667893,1.0,-0.6498539734006354,1.0,1.0
2023-07-11,-0.27333930527894346,0.9641192983636212,-0.6250155537830578,0.035126829891092184,2.0
2023-07-12,-1.000577235937178,1.0,-0.529326371086868,1.0,1.0
2023-07-13,1.3551594274330163,1.0,-0.5,1.0,1.0
2023-07-14,-0.06664876046837194,0.7044896090823879,-0.3036965972033149,0.28638342637797043,7.0
2023-07-15,0.7043924953181303,1.0013478923513015,-0.555515634117417,0.13820192817439356,2.0
2023-07-16,0.004900698866566251,1.0,-0.5588028933651878,1.0,1.0
2023-07-17,-0.8999611675161097,0.04852498479766018,-0.6398001209094559,0.11260679167127072,2.0
2023-07-18,0.5913393249594565,1.0,1.0464365773205417,1.0,1.0
2023-07-19,0.2989650193413588,0.9548763221466358,-0.4928021425100089,0.10392231862393976,4.0
2023-07-20,0.2015337486923091,1.2497283142901652,-0.09113152488570941,0.6633277780737165,2.0
2023-07-21,0.6549873562107936,0.999525838886216,0.2296031817986616,1.0324560791079045,4.0
2023-07-22,-2.2779272619638653,1.0,0.10080596230303936,1.0,1.0
2023-07-23,0.3476168041150288,0.42809888247350714,-0.5117604057128523,0.15683539177464262,4.0
2023-07-24,0.1351345827462833,1.0,1.096325619585728,1.0,1.0
2023-07-26,0.6305568505574174,0.732216072598339,-0.20550141565334945,0.3735714329386346,3.0
2023-07-27,-0.4718566023101987,0.5715053736420354,1.2033583930519385,2.39814120529251,2.0
2023-07-28,-0.2562773366847152,0.6609604446497969,0.18773512590675018,0.8249304716404139,5.0
2023-07-30,1.8865846161753113,1.0,-0.6498539734006354,1.0,1.0
2023-07-31,-0.04616558562567565,0.951107072158757,-0.5557880787783305,0.14479687278903672,5.0
2023-08-01,-0.06774127712336393,1.0,-0.5098184253928721,1.0,1.0
2023-08-02,-0.606765770665657,0.632502939071388,-0.13040755508355278,0.5226826481514708,2.0
2023-08-03,-0.5143091018091792,1.0,1.6761921638761192,1.0,1.0
2023-08-04,0.6177676293238945,0.9313745665226694,0.3013183361842709,0.7706763848643136,6.0
2023-08-05,0.5674909195133107,0.5035023293308857,-0.5448736681023957,0.09091561128532173,3.0
2023-08-06,0.3214602504748699,0.5084657816497443,-0.43518316295597614,0.13313860174402026,2.0
2023-08-07,-0.8295153453094201,1.0,0.5208166663999914,1.0,1.0
2023-08-08,1.1190188239229977,0.6328812273839266,-0.592967613598431,0.13021206973536634,3.0
2023-08-09,-0.07520449754854865,0.7512245846683356,-0.46309952391454995,0.12942235585840337,6.0
2023-08-10,0.14040466624287212,0.33924681646897165,-0.06747951121246548,0.6221792908123522,4.0
2023-08-11,0.20400621665030214,2.7954840917356805,-0.29891814288852125,0.346735718458789,3.0
2023-08-14,-0.11368184016890652,0.10629907091517884,0.5246536564776988,0.7863235191847434,3.0
2023-08-15,-0.09341096523595409,1.5229911897099124,-0.21075301344181688,0.2884981983358868,3.0
2023-08-16,0.09430588834580106,1.2680818302847838,-0.5036943452054987,0.07987584224657604,2.0
2023-08-17,0.8926987578311697,0.8567770128668778,-0.46979855547661686,0.031939956704644605,2.0
2023-08-18,-0.15324562730393654,0.4894282999994115,0.2101993742742988,0.6965148727674441,3.0
2023-08-20,1.2271401860325404,0.039193802645494505,-0.5429321378896999,0.02868552249415255,3.0
2023-08-21,-0.5729114039554857,0.35365452587525337,0.14401688297719104,1.027722225674017,4.0
2023-08-22,-0.2729218868438166,1.0,0.40756731832441007,1.0,1.0
2023-08-23,0.22166216366987446,0.1737824034531801,0.6269589608085213,1.0019031709667985,3.0
2023-08-24,-0.9351952980288699,0.07735076891334272,0.37998097346777876,1.5188351180146076,2.0
2023-08-26,0.11818846158955186,1.0,-0.4742854233650527,1.0,1.0
2023-08-28,-0.1905552382963893,0.7614289432107562,-0.1422560867327048,0.525430898079907,9.0
2023-08-29,0.5758852131665937,1.0,0.12834776109248675,1.0,1.0
2023-08-30,-0.7071067811865476,1.0,,1.0,1.0
2023-08-31,-1.00792135879598,0.2627965071888927,0.5142612016517816,1.6463074687234578,2.0
2023-09-01,0.21368067861362933,1.0,-0.7753978263676508,1.0,1.0
2023-09-02,-2.0079218820971194,0.321027411750595,-0.5798361993967538,0.09902008560346376,2.0
2023-09-03,-0.41777112093506946,0.4950169523538501,-0.501100970423074,0.012328343047665294,2.0
2023-09-04,-0.904060238697718,1.0,1.04359573792581,1.0,1.0
2023-09-06,0.03716444468502744,1.4350498050222023,-0.5163210739575375,0.011262917697765077,3.0
2023-09-07,0.35716834459594365,0.7104318948450227,-0.48367850479447894,0.13153133092838318,3.0
2023-09-08,0.5598850573869855,1.851838833289617,-0.03187947335353795,0.9678612486817046,3.0
2023-09-11,-0.13396711930108698,0.09365748418731609,-0.4432440827627281,0.09415033825362305,2.0
2023-09-12,-0.47874528524700577,1.403134453453335,-0.5732824979015158,0.07093195109627748,3.0
2023-09-13,-0.06774127712336393,1.0,4.603559665032165,1.0,1.0
2023-09-14,-0.614089495132448,1.0,-0.5098184253928721,1.0,1.0
2023-09-15,0.028350818158055572,1.0,0.18680370238975724,1.0,1.0
2023-09-16,-0.7098522347019935,1.0,2.345245177327353,1.0,1.0
2023-09-17,-0.08783047346638641,1.0,-0.6001771341654802,1.0,1.0
2023-09-18,0.34136167130308553,0.5307335045314003,0.9344513400961119,1.6261590408536093,3.0
2023-09-19,0.28283216276579837,1.0,0.6264878169238027,1.0,1.0
2023-09-20,0.09820894069010155,0.1895742996322251,1.205190750339868,2.8559489386287327,3.0
2023-09-21,-0.3289884470095221,1.1545343094444052,-0.12490614774624524,0.49413667944156725,4.0
2023-09-22,0.2915524170371424,0.34479439293778236,-0.7339764895284991,0.16829345879903734,3.0
2023-09-23,-1.190178290297022,1.0,-0.6939976379846203,1.0,1.0
2023-09-24,0.7545131456828638,1.0,2.003162992266442,1.0,1.0
2023-09-25,0.5545936587869713,0.8852571311933846,-0.22507866302335508,0.5443160361918588,3.0
2023-09-26,-0.40654125907000677,0.7928029281424056,0.11340720445940695,0.8367744910854185,7.0
2023-09-27,0.3444969989600932,1.3883605116575977,0.20255608790393342,1.0861054569493038,5.0
2023-09-28,-0.4630656297772358,1.5542502163743128,-0.5149807086058638,0.03913948664872979,3.0
2023-09-29,-1.028975256633715,1.0,-0.05264493813552867,1.0,1.0
2023-10-01,-0.045908745688270934,0.09891793048911089,-0.5647745075312666,0.057394174427363456,3.0
2023-10-02,0.4294442896087077,1.0,-0.5601750949110396,1.0,1.0
2023-10-03,-0.5532347154453899,1.0,1.6807612969913508,1.0,1.0
2023-10-04,0.34044682614184485,0.5353168544610032,0.29432802141328496,0.8985460090938482,2.0
2023-10-05,-1.4297593574664962,1.0,-0.408248290463863,1.0,1.0
2023-10-06,0.23813383970608898,0.43941111505309416,-0.3572705337636621,0.3888340049901409,5.0
2023-10-07,0.9596169233105256,1.4813143143943015,-0.47060854449528233,0.1832376567691484,2.0
2023-10-09,-0.3651959524177604,1.6693908665985213,-0.09896781896449666,0.5099783467244884,5.0
2023-10-10,-1.2328063929380693,1.687581859186606,-0.4254291901089783,0.11934440105677684,3.0
2023-10-11,-0.24192520168305112,0.6913191802107229,0.06556789024540834,0.9014199533765981,3.0
2023-10-12,0.7436685044757704,0.6380848187698135,-0.11265291725280258,0.7401994861596498,5.0
2023-10-13,0.48753091362018147,1.0430158513502727,-0.32462826592986527,0.4605471887616203,7.0
2023-10-14,0.6821766348595756,1.6373040085617039,0.3790973483034151,1.1647575874705836,4.0
2023-10-15,0.42186197380527635,1.0648712677387626,0.24260901379250033,1.2006238210256979,5.0
2023-10-16,-0.33454491689983196,0.4403038074603374,0.06029054703040648,0.6365298271639902,4.0
2023-10-17,0.20370659098680535,1.1316646250507139,-0.5174086642074949,0.10804527250221378,5.0
2023-10-18,0.26039692675942927,1.0716778034560612,0.5886854849185124,1.5783718282511772,4.0
2023-10-19,0.33878853455744956,1.1306989097733058,-0.519772522735255,0.13027735925393574,7.0
2023-10-20,0.24279669637868925,0.993148093372598,0.1253877558279681,1.5680163923401256,6.0
2023-10-21,-3.0199595648669,1.0,-0.5601750949110396,1.0,1.0
2023-10-22,0.5167292179125461,1.0,-0.4923835154532758,1.0,1.0
2023-10-23,-0.09968625588435709,0.8769514672417312,-0.5199394338987486,0.12153175107411641,5.0
2023-10-24,-0.03646544819385413,0.8821536115642248,0.44789424084769447,1.7582086015650105,9.0
2023-10-25,0.6860360454240334,0.9877147931279687,-0.4396818752672868,0.31133363755323656,17.0
2023-10-26,-0.18536774685734972,0.8588361974402617,-0.20851924556966714,0.4452642211378871,12.0
2023-10-27,0.11815941889617615,0.669790172232846,-0.20803950296356694,0.6508133164216992,21.0
2023-10-28,0.028914756270762176,0.9057777427683396,0.34463636110075574,1.308161678808887,22.0
2023-10-29,-0.13876188965477404,0.297645855305461,0.6627355118403793,1.462242654434887,5.0
2023-10-30,-0.43768036175272673,0.7376910959755604,0.12273779909450863,1.2505989555871937,10.0
2023-10-31,0.20528095389882642,0.5080998893762977,0.9148952244988746,0.9749156866505783,5.0
2023-11-01,1.1914364507123847,1.0,-0.6498539734006354,1.0,1.0
2023-11-02,-0.22015284437300028,0.8853318970927347,0.20386746545025336,1.4304933601737604,8.0
2023-11-03,-0.03488011957148607,0.43633078793927554,-0.0844531162374586,0.8410985079245464,4.0
2023-11-04,0.15515685075236121,0.7268621783800648,0.4929120060988744,1.2994072463309867,7.0
2023-11-05,-0.06028400079033678,0.6067238096489092,1.0354502952669418,1.2242270379952387,3.0
2023-11-06,0.35760725981708685,0.5789972803239809,0.14020085202268917,0.8246574460911996,5.0
2023-11-07,-0.19893466957518338,0.8391702328873486,0.07968983625656186,0.9065454656031386,10.0
2023-11-08,-0.40906505743913923,0.9577721458773393,-0.42452352229483276,0.5645757941189938,5.0
2023-11-09,-0.14265047516712642,0.40138020712365524,0.25306146109933303,1.1896826656321449,14.0
2023-11-10,0.5138058867497886,1.2868311254371108,0.9709941534848777,1.7602070536091432,10.0
2023-11-11,-0.7571555496544029,0.5840145434555142,0.19461472927967838,0.8629447768890705,4.0
2023-11-12,1.1419058908868018,1.3390228283938432,0.5957157677234424,1.7254052746687776,2.0
2023-11-13,0.18519011962764548,0.5145388235998718,-0.4825208314038315,0.07824295779837413,5.0
2023-11-14,0.13476860256481477,0.7447401998318485,0.058903345768543,0.896097345807257,8.0
2023-11-15,-0.24915481508286205,0.2172473202262232,-0.2662773561191105,0.23787704686882535,3.0
2023-11-16,0.3722751727169411,1.3985709513400983,-0.06727450802831401,0.9484841769784622,8.0
2023-11-17,0.018863070618807154,1.47769881287574,0.23101026869171437,1.2884354295555163,4.0
2023-11-18,0.31265522848748617,0.873998473966929,-0.006245631209268965,0.8981575742563467,4.0
2023-11-19,-0.0992052249480689,0.9414867414414825,0.25862960585617145,1.2336946487110099,7.0
2023-11-20,0.6599127208468117,1.2846023333722012,0.8673818127624221,1.7119856487609193,9.0
2023-11-21,0.4212901311105597,0.9586203585525813,0.31798334179937576,1.0344560155014682,11.0
2023-11-22,0.2806338649463478,0.9737991644080182,0.07350283245870819,0.8618482254994105,17.0
2023-11-23,0.5780301115787199,0.7647566020659907,0.5475331604900014,1.2145856511724598,6.0
2023-11-24,-0.584674078003407,0.8180177452922526,-0.3270734460490841,0.5166386409677227,12.0
2023-11-25,0.39618163078061686,0.9381577679695867,0.20153648982607703,1.231014042812946,10.0
2023-11-26,0.30545733985942214,0.8243763113886388,0.37130762902356107,1.334524607762067,12.0
2023-11-27,-0.656831306271374,1.233678755077177,-0.22458830245219702,0.7305168883222858,22.0
2023-11-28,0.2573405746832473,0.9910958921660821,-0.1931548547153973,0.6584865688918938,27.0
2023-11-29,0.2301273068541839,1.3004558801718609,0.1531304117023296,1.3037208291828775,23.0
2023-11-30,0.14273789238490153,1.1161786300306191,-0.15218734239821716,0.7184543897927389,42.0
2023-12-01,-0.030786660791253338,1.0294404260854637,0.2467568139762911,1.0767032093470803,24.0
2023-12-02,-0.26292874957800766,0.5573663722538666,-0.10526189225899073,1.0036088256924742,17.0
2023-12-03,0.015156889981563497,1.0688240910447349,-0.4080885954010628,0.44539621271495194,33.0
2023-12-04,-0.4093188431427121,1.5646731644983098,0.21342260730348292,0.9465754611718166,20.0
2023-12-05,0.058188244283037704,0.9425151166510043,-0.15338423157692552,0.8839779806403751,22.0
2023-12-06,-0.011018433098394247,1.8328975688977782,-0.2866015466107335,0.6285774675941083,15.0
2023-12-07,0.027585903222898958,1.515116939171739,-0.3049569271198745,0.7144060808219865,18.0
2023-12-08,0.20924389789392822,1.060458870449016,-0.2567674727386745,0.6430874225128842,25.0
2023-12-09,-0.07308046075073786,0.9567043793338549,-0.4450881081089202,0.09126204656868997,8.0
2023-12-10,-0.23258609042762185,1.29162702794689,-0.22895686890008654,0.7950378100379893,8.0
2023-12-11,0.2543904366125673,0.6817391406521858,-0.17477556030974337,0.7804632698430762,13.0
2023-12-12,-0.17802870604177812,1.013807001362756,0.06917183155665563,1.1230074535316834,6.0
2023-12-13,0.46907497444025287,0.7151146128405874,-0.02595060988487733,1.0403425717637664,19.0
2023-12-14,-0.044376672402353386,0.6139535180014282,0.035803143072705775,0.6591764434659403,9.0
2023-12-15,0.19174498578524848,0.6968709578232464,-0.006640824083879504,1.0392680813084396,4.0
2023-12-16,-0.7104796144656066,0.9692674188492103,-0.4209211643309544,0.32603793121107344,13.0
2023-12-17,0.5563593592704381,1.0,-0.6788452689718746,1.0,1.0
2023-12-18,0.7248484245159497,1.211889091913658,-0.09881546738744526,0.6524610423752665,2.0
2023-12-19,0.1268334741638626,2.2294953509196787,0.2667320997873178,1.0425880875051725,4.0
2023-12-20,-0.9301894482841799,1.3020830311778273,-0.28985896006887896,0.8021942738642188,11.0
2023-12-21,0.3446491663060944,1.1399226080233258,0.2389673889919875,1.281406778890401,5.0
2023-12-22,-0.04423234591407568,1.0830009893526855,0.047468071723169955,1.1781394011458097,18.0
2023-12-23,0.03541245535619975,1.1253495786869723,-0.11167618809313358,0.9463461530082299,11.0
2023-12-24,0.23166067696233159,1.1025830151866922,-0.3143772346449968,0.38522226692747413,8.0
2023-12-25,0.3221550906783096,0.47353435939007194,0.41438985569782155,1.042403998390469,5.0
2023-12-26,0.13887581221366477,1.1103151986409943,0.05683531637233637,1.2827402144190647,14.0
2023-12-27,0.7520149556135652,0.8184472380501048,0.7078624471971393,1.6898419434544933,4.0
2023-12-28,-0.8253794258692516,1.2299813315319919,-0.054317333708169234,0.5710890801080629,6.0
2023-12-29,0.22596505834322128,0.8443034858125352,-0.25564361936973823,0.6023774914272746,7.0
2023-12-30,0.14136085011724794,0.6537142585004919,1.1269543700558706,1.138118399671314,6.0
2024-01-01,0.4863957278106363,1.0,,1.0,1.0
2024-01-02,1.8464974309023685,0.6031723785502563,-0.4254291901089783,0.0974442954157256,4.0
2024-01-03,0.39403954820661447,1.0030232920009194,-0.5006174246888332,0.1843557890190305,7.0
2024-01-04,-0.051998869462289765,0.9381659489721936,0.4500116148236344,0.811014078810064,8.0
2024-01-05,0.20529742734120213,0.8893810640114197,1.3225911332995999,1.298182627256059,5.0
2024-01-06,0.20121798630718415,1.0322004972049053,-0.30523778143292596,0.6665898503184866,6.0
2024-01-07,-0.05408503969370594,1.03429046134225,-0.4980572003832363,0.34489690838293996,5.0
2024-01-08,-0.24549155979588747,1.0340595413600928,-0.12822632299090764,0.6409367362831989,6.0
2024-01-09,-0.045407693398792914,0.621797129700865,0.06031883852894298,0.6553480352850445,12.0
2024-01-10,-0.3501642692161578,0.39940642574361845,-0.501100970423074,0.012328343047665334,2.0
2024-01-11,-1.3240149809783224,0.8355494919375579,0.22804324871859938,1.1919365682494991,6.0
2024-01-12,-0.11470762073419212,1.4879793777203292,0.026873538982342363,1.1220200168581194,15.0
2024-01-13,0.4567869944277412,0.6014574771778475,0.4098839502140103,1.4492638373396884,3.0
2024-01-14,0.8937739178783053,1.4664418435522315,-0.37712878128931104,0.08514878006801699,5.0
2024-01-15,-0.09764372297583644,1.0934794028548267,0.19051443659706085,1.1120408735885667,5.0
2024-01-16,0.05484562177627195,0.8900380871535171,-0.4523949497490819,0.14317400181810075,10.0
2024-01-17,-0.027117614504563695,1.0413901848463551,0.2265709039835368,1.2982949264666988,44.0
2024-01-18,0.014316993018212902,0.8466426107185663,0.11252061733043113,1.4087238725721887,42.0
2024-01-19,-1.0496659827814425,0.7213585095939454,-0.4998579492873822,0.1312427884335471,6.0
2024-01-20,-0.684198780626919,0.8180870201076852,2.5176294934801513,2.08313077665665,7.0
2024-01-21,0.6516179294522333,1.235005499132615,-0.5397703027023737,0.21502928198113938,6.0
2024-01-22,0.8529293474731917,0.7332263104095674,-0.5747007734162606,0.060395808286455334,5.0
2024-01-23,-0.8493778440246252,1.1013655573333496,0.5647991087426567,1.9798023238164009,10.0
2024-01-24,0.692293325751342,0.5787536978398895,-0.13697794357481036,0.49416635502093315,5.0
2024-01-25,-0.46168891408296403,0.5990743882291033,0.5706189328190967,1.2892803631643706,2.0
2024-01-26,0.5468658406889917,1.0447742095438348,-0.2852124020952414,0.5014245167899509,3.0
2024-01-27,-1.602012747827422,1.0,-0.34103995482508437,1.0,1.0
2024-01-28,0.8828321620612274,0.5127560080927049,1.3599938099773912,0.4621606600533518,2.0
2024-01-29,0.0,1.0,0.0,1.0,1.0
2024-01-30,0.24839448530192698,1.369308557273483,-0.28763256948804533,0.649187675991396,6.0
2024-01-31,0.3537899702187282,0.8032246296817247,-0.26272116175772303,0.5537041899488121,3.0
2024-02-01,0.5707280686784185,0.8553754168030645,-0.5535544843243021,0.15784728666841083,4.0
2024-02-02,0.11818846158955186,1.0,0.8953088473147789,1.0,1.0
2024-02-03,1.047612692340745,1.0,-0.6498539734006354,1.0,1.0
2024-02-06,-0.6399168474377576,1.4688514009816946,-0.5176940009642864,0.160107903855056,3.0
2024-02-07,-0.8629887555872339,1.658491201109472,-0.5149316284509217,0.18619253653789244,3.0
2024-02-08,-0.6646278060976527,0.886073321649245,0.5451525288393674,1.2532654292713652,2.0
2024-02-09,0.7210729732993076,0.1780660987209018,0.40413578115690385,1.278641083938886,2.0
2024-02-10,0.0168154328875204,1.0,-0.3331976708844339,1.0,1.0
